{"cameraMode":{"drawMode":0,"name":"Shaded","section":"Shading Mode"},"sceneLighting":false,"audioPlay":false,"sceneViewState":{"m_AlwaysRefresh":false,"showFog":true,"showSkybox":false,"showFlares":true,"showImageEffects":true,"showParticleSystems":true,"showVisualEffectGraphs":true,"m_FxEnabled":true},"in2DMode":false,"pivot":{"x":-3.000000476837158,"y":1.3712003231048585,"z":-127.39131927490235},"rotation":{"x":0.07367859035730362,"y":-0.7805842161178589,"z":0.09362069517374039,"w":0.6137312054634094},"size":1.9121239185333253,"orthographic":false}