{"cameraMode":{"drawMode":0,"name":"Shaded","section":"Shading Mode"},"sceneLighting":true,"audioPlay":false,"sceneViewState":{"m_AlwaysRefresh":false,"showFog":true,"showSkybox":true,"showFlares":true,"showImageEffects":true,"showParticleSystems":true,"showVisualEffectGraphs":true,"m_FxEnabled":true},"in2DMode":false,"pivot":{"x":-54.540958404541019,"y":-0.010000228881835938,"z":-16.418750762939454},"rotation":{"x":-0.06800995767116547,"y":-0.9275514483451843,"z":0.20640745759010316,"w":-0.3049791157245636},"size":7.623504161834717,"orthographic":false}