{"cameraMode":{"drawMode":0,"name":"Shaded","section":"Shading Mode"},"sceneLighting":false,"audioPlay":false,"sceneViewState":{"m_AlwaysRefresh":false,"showFog":true,"showSkybox":false,"showFlares":true,"showImageEffects":true,"showParticleSystems":true,"showVisualEffectGraphs":true,"m_FxEnabled":true},"in2DMode":false,"pivot":{"x":0.9744353890419006,"y":2.009870767593384,"z":-127.33728790283203},"rotation":{"x":0.18517453968524934,"y":0.4631560444831848,"z":-0.09955724328756333,"w":0.8610461354255676},"size":2.4206302165985109,"orthographic":false}